,,,,,,,,,,,,,,,,,,,,,,,,,,,,,,,,,,,,,,,,,,,,,,,,,,,,,,,,,,,,,,,,,,,,,,,,,,,,,,,,,,,,,,,,,,,,,,,,,,,,
"Results of DICE-2016R model run using model Dice2016R-091916ap.csv",,,,,,,,,,,,,,,,,,,,,,,,,,,,,,,,,,,,,,,,,,,,,,,,,,,,,,,,,,,,,,,,,,,,,,,,,,,,,,,,,,,,,,,,,,,,,,,,,,,,
"This is optimal if ifopt = 1 and baseline if ifopt = 0",,,,,,,,,,,,,,,,,,,,,,,,,,,,,,,,,,,,,,,,,,,,,,,,,,,,,,,,,,,,,,,,,,,,,,,,,,,,,,,,,,,,,,,,,,,,,,,,,,,,
"ifopt =",0,,,,,,,,,,,,,,,,,,,,,,,,,,,,,,,,,,,,,,,,,,,,,,,,,,,,,,,,,,,,,,,,,,,,,,,,,,,,,,,,,,,,,,,,,,,,,,,,,,,
,,,,,,,,,,,,,,,,,,,,,,,,,,,,,,,,,,,,,,,,,,,,,,,,,,,,,,,,,,,,,,,,,,,,,,,,,,,,,,,,,,,,,,,,,,,,,,,,,,,,
"Period",1,2,3,4,5,6,7,8,9,10,11,12,13,14,15,16,17,18,19,20,21,22,23,24,25,26,27,28,29,30,31,32,33,34,35,36,37,38,39,40,41,42,43,44,45,46,47,48,49,50,51,52,53,54,55,56,57,58,59,60,61,62,63,64,65,66,67,68,69,70,71,72,73,74,75,76,77,78,79,80,81,82,83,84,85,86,87,88,89,90,91,92,93,94,95,96,97,98,99,100
"Year",2015,2020,2025,2030,2035,2040,2045,2050,2055,2060,2065,2070,2075,2080,2085,2090,2095,2100,2105,2110,2115,2120,2125,2130,2135,2140,2145,2150,2155,2160,2165,2170,2175,2180,2185,2190,2195,2200,2205,2210,2215,2220,2225,2230,2235,2240,2245,2250,2255,2260,2265,2270,2275,2280,2285,2290,2295,2300,2305,2310,2315,2320,2325,2330,2335,2340,2345,2350,2355,2360,2365,2370,2375,2380,2385,2390,2395,2400,2405,2410,2415,2420,2425,2430,2435,2440,2445,2450,2455,2460,2465,2470,2475,2480,2485,2490,2495,2500,2505,2510
"Industrial Emissions GTCO2 per year",35.7447136501,39.3835637086,42.9314853145,46.3496993381,49.6059721143,52.6740698995,55.5331375354,58.1670563028,60.5638177793,62.7149365551,64.6149142859,66.2607601437,67.6515675986,68.7881439987,69.6726869909,70.3084998109,70.6997351677,70.8511538997,70.7678784193,70.4569501823,69.9252405044,69.1795072868,68.226405108,67.0724705737,65.7240955878,64.1874957174,62.4686775834,60.573407327,58.5071811303,56.2751981687,53.8823360588,51.3331287029,48.6317463666,45.7819778056,42.7872142654,39.6504351863,36.3741954642,32.9606139862,29.4113630696,25.7276577754,21.9102429081,17.9593727819,13.8747731383,9.6555629092,5.3000900708,-11.8634326714,-11.5798187002,-11.295819541,-11.0126724193,-10.7311476387,-10.4517643001,-10.1749078778,-9.9008924839,-9.6299925148,-9.3624577544,-9.0985198383,-8.838394434,-8.5822814855,-8.3303647352,-8.0828111242,-7.8397703333,-7.601374566,-7.367738579,-7.1389599376,-6.9151194578,-6.6962817941,-6.4824961349,-6.2737969751,-6.0702049463,-5.8717276666,-5.6783606126,-5.4900879867,-5.3068835699,-5.1287115508,-4.9555273178,-4.7872782009,-4.6239041353,-4.4653382398,-4.3115072313,-4.1623316201,-4.0177255413,-3.8775960355,-3.7418413651,-3.6103478078,-3.4829838645,-3.3595901704,-3.2399621536,-3.1238203689,-3.0107596229,-2.9001608043,-2.7910348181,-2.7054544873,-2.6181936748,-2.5308227394,-2.4443701179,-2.3595013833,-2.2766380968,-2.1960373373,-2.1178452289,10.2106655844
"Atmospheric concentration C (ppm)",399.5305164319,418.4684293752,438.3111976747,459.1486607988,481.0061775884,503.8643080959,527.6727191939,552.3600408312,577.8408725423,604.020776897,630.7998456847,658.0752503777,685.7430668035,713.6995786343,741.8422040417,770.0701468721,798.2848423896,826.3902438248,854.2929761718,881.9023644842,909.1314995817,935.8968729468,962.1181441058,987.7179751071,1012.6218957195,1036.7581796066,1060.0577211416,1082.4539077708,1103.8824856951,1124.2814181528,1143.5907363583,1161.7523835153,1178.7100524747,1194.4090176513,1208.7959618057,1221.8187982743,1233.4264891928,1243.5688602219,1252.1964121532,1259.2601295904,1264.7112863051,1268.5012455872,1270.5812510092,1270.9021967743,1269.4143537265,1266.0670003291,1252.6956096121,1241.4825578834,1231.7800907633,1223.1471335092,1215.2832108596,1207.9834611616,1201.1080211993,1194.5611976063,1188.2773008173,1182.2110133898,1176.3308434654,1170.6146767931,1165.0467558874,1159.6156294892,1154.3127615761,1149.1315885785,1144.0668810942,1139.1143123985,1134.2701673369,1129.5311464616,1124.8942347369,1120.3566139735,1115.9156048365,1111.5686288068,1107.3131835794,1103.1468274627,1099.0671697816,1095.0718652533,1091.1586109639,1087.3251450265,1083.5692463072,1079.8887348299,1076.281472608,1072.7453647932,1069.2783611264,1065.8784577975,1062.5436999564,1059.2721853728,1056.062070067,1052.9115773431,1049.8190126245,1046.7827881672,1043.8014645915,1040.8738212168,1037.9989763545,1035.1765962995,1032.3920806781,1029.6485883262,1026.9474340597,1024.2888245915,1021.6723140792,1019.0970845224,1016.5621169311,1014.066294624
"Atmospheric Temperature",0.85,1.0163451841,1.1892366338,1.3679298492,1.5517465305,1.7400208636,1.9320774319,2.1272273346,2.3247739002,2.5240226181,2.7242920719,2.9249240757,3.125292125,3.3248078343,3.5229253636,3.7191440136,3.9130092478,4.1041124262,4.2891336317,4.4681302662,4.6411510311,4.8082396301,4.9694372634,5.1247842336,5.2743208943,5.4180881094,5.5561273487,5.6884805171,5.815189586,5.9362960833,6.0518404811,6.1618615105,6.2663954238,6.365475218,6.4591298274,6.5473832888,6.6302538775,6.7077532121,6.7798853188,6.8466456464,6.908020019,6.9639835075,7.0144991996,7.0595168364,7.0989712712,7.1327806809,7.1573990473,7.1748597186,7.1866771692,7.1939928872,7.1976786597,7.198409652,7.1967162135,7.1930207575,7.187664176,7.1809249121,7.1730328664,7.1641796509,7.1545262481,7.1442088096,7.1333431118,7.1220280284,7.1103482786,7.0983766303,7.0861756915,7.0737993825,7.0612941601,7.0487000435,7.0360514827,7.023378096,7.0107053028,6.9980548664,6.9854453635,6.9728925902,6.9604099152,6.9480085866,6.9356980001,6.9234859329,6.9113787487,6.8993815774,6.8874984726,6.8757325511,6.8640861156,6.8525607645,6.8411574913,6.8298767763,6.8187186745,6.8076829067,6.79676896,6.7859762142,6.7753041142,6.7647524321,6.7543138393,6.7439839356,6.7337599248,6.7236398316,6.71362205,6.7037050923,6.6938874576,6.6841675709
"Output Net Net) ",104.9972369966,125.040453243,147.2765387189,171.7445324823,198.4766463849,227.4989026709,258.8316233291,292.4898105413,328.4834514112,366.8177731191,407.4934672668,450.5068947124,495.8502741655,543.5118480247,593.4760045878,645.7233116169,700.230372111,756.9693297429,815.9577560263,877.1887070287,940.651370262,1006.3320431036,1074.2148373832,1144.282209869,1216.5153838821,1290.8947045188,1367.3999549955,1446.0106517847,1526.7063299791,1609.4668262902,1694.2725648707,1781.1048501843,1869.9461715568,1960.7805260749,2053.5937712016,2148.3740275909,2245.1121710297,2343.8024812027,2444.4435803495,2547.0398972862,2651.604095132,2758.1612618184,2866.7563198387,2977.4672976094,3090.4292275231,3203.3014499855,3319.7372173237,3438.0718964055,3558.3016019959,3680.3497910647,3804.1022763765,3929.4273412948,4056.186987386,4184.2429816515,4313.4599145524,4443.7065879059,4574.8565053281,4706.7879111418,4839.3836262498,4972.5308142655,5106.1207435511,5240.0485774471,5374.2131998984,5508.5170767263,5642.8661492712,5777.1697527076,5911.3405524501,6045.2944924589,6178.9507576761,6312.2317304677,6445.0629549242,6577.3730942664,6709.0938761194,6840.1600210936,6970.5091376232,7100.0815629617,7228.8200934595,7356.6695652439,7483.5761101978,7609.4858866633,7734.3428585791,7858.0849589171,7980.6372852827,8101.9001996457,8221.7283410334,8339.8936582597,8456.0201261513,8569.4680621381,8679.1279400618,8783.0489809258,8877.7576888251,9036.1871252115,9180.0809232457,9313.2153047693,9438.2626289574,9557.1207619229,9671.1408484285,9781.2865027498,9888.2459054752,9992.7941451697
"Climate Damages fraction output",0.0017051,0.0024377798,0.0033377097,0.0044161077,0.0056826848,0.0071453073,0.0088096988,0.0106792269,0.0127547939,0.0150348288,0.0175153708,0.0201902268,0.023051184,0.0260882592,0.0292899674,0.032643596,0.0361354736,0.0397512236,0.0434161349,0.0471154839,0.0508350676,0.0545612373,0.0582809238,0.0619816557,0.0656515677,0.0692794019,0.0728545006,0.076366793,0.0798067746,0.0831654824,0.0864344648,0.089605748,0.0926717994,0.0956254884,0.0984600452,0.1011690179,0.1037462289,0.1061857294,0.108481754,0.1106286736,0.1126209478,0.1144530764,0.1161195497,0.117614796,0.1189331277,0.1200686822,0.1208989322,0.1214895243,0.1218900558,0.1221383394,0.1222635243,0.1222883596,0.1222308292,0.1221053324,0.1219235385,0.1216950109,0.1214276652,0.1211281094,0.1208019002,0.1204537381,0.1200876181,0.1197069484,0.1193146442,0.1189132039,0.1185047708,0.118091185,0.1176740255,0.1172546466,0.1168342083,0.1164137021,0.1159939737,0.1155757417,0.1151596147,0.1147461053,0.1143356426,0.113928583,0.1135252199,0.1131257916,0.1127304887,0.1123394601,0.1119528191,0.1115706476,0.1111930006,0.1108199101,0.1104513885,0.1100874316,0.1097280215,0.1093731299,0.1090227212,0.1086767567,0.1083352002,0.1079980261,0.1076649828,0.1073359136,0.1070107136,0.1066893049,0.1063716216,0.1060576022,0.1057471851,0.1054403068
"Consumption Per Capita ",10.5017772322,11.8423307882,13.3042385549,14.8918770367,16.6095176127,18.4611990377,20.4506354216,22.5811507081,24.8556337122,27.2765096604,29.8457253852,32.5647461949,35.4345632109,38.4557109216,41.6282961859,44.9520425723,48.4263588682,52.0504500075,55.8247375694,59.7490584031,63.8228042849,68.0450208803,72.4144804358,76.9297374935,81.5891735519,86.391034457,91.3334629503,96.414527897,101.6322511796,106.9846328417,112.4696748131,118.0854033096,123.8298897534,129.7012696896,135.6977585684,141.8176619766,148.059376598,154.4213729211,160.902145946,167.5001058675,174.2133587602,181.039285262,187.9737495514,195.0096343716,202.1341538208,209.6310131451,217.2260967363,224.9348787239,232.7613878587,240.7031694436,248.7542453571,256.906849855,265.1524254302,273.4821776357,281.88737133,290.3594789794,298.8902463553,307.4717143121,316.0962186684,324.7563806491,333.4450937588,342.1555112088,350.8810347369,359.615305097,368.3521946699,377.0858017185,385.8104460008,394.5206641523,403.2112085696,411.8770437308,420.5133449714,429.1154978635,437.6790980008,446.1999532306,454.6740885856,463.0977598337,471.4674717187,479.7800234187,488.0325828196,496.2228248884,504.3491679965,512.411215002,520.4105099362,528.3518936105,536.2458860154,544.1128998336,551.9906985388,559.9476417605,568.1063901952,576.686889002,572.5942433411,582.8124830771,592.0932172703,600.6800025046,608.7451988181,616.411213311,623.7651909062,630.8692817926,637.7678714049,644.5109505831
"Carbon Price (per t CO2)",2,2.2081616064,2.43798884,2.6917366766,2.971894792,3.2812119889,3.6227231682,3.9997791053,4.4160793272,4.8757084106,5.3831760581,5.943461346,6.5620615767,7.2450462163,7.9991164457,8.8316709103,9.7508783122,10.7657575588,11.8862662526,13.1233983912,14.4892922365,15.9973494103,17.662366386,19.5006796658,21.5303260684,23.7712196988,26.2453473381,28.9769841693,31.9929319559,35.3227820106,38.9992055335,43.0582741696,47.5398139296,52.4877959474,57.9507679078,63.9823303777,70.641662714,77.9941037086,86.1117926675,95.0743772133,104.9697947574,115.8951353075,127.9575940773,141.2755232444,155.9795931762,235.6461722348,229.7550179289,224.0111424807,218.4108639187,212.9505923207,207.6268275127,202.4361568249,197.3752529042,192.4408715816,187.6298497921,182.9391035473,178.3656259586,173.9064853096,169.5588231769,165.3198525975,161.1868562825,157.1571848755,153.2282552536,149.3975488723,145.6626101504,142.0210448967,138.4705187743,135.0087558049,131.6335369098,128.342698487,125.1341310249,122.0057777492,118.9556333055,115.9817424729,113.0821989111,110.2551439383,107.4987653398,104.8112962063,102.1910138012,99.6362384561,97.1453324947,94.7166991824,92.3487817028,90.0400621602,87.7890606062,85.5943340911,83.4544757388,81.3681138453,79.3339109992,77.3505632242,75.4167991436,73.531379165,71.6930946859,69.9007673187,68.1532481358,66.4494169324,64.7881815091,63.1684769713,61.5892650471,0
"Emissions Control Rate",0.0298825095,0.0322971885,0.0349069875,0.0377276733,0.0407762867,0.0440712457,0.0476324563,0.0514814333,0.0556414299,0.0601375781,0.064997041,0.0702491765,0.0759257149,0.0820609502,0.088691948,0.0958587685,0.1036047095,0.1119765672,0.1210249192,0.1308044302,0.1413741821,0.1527980308,0.1651449923,0.1784896595,0.1929126527,0.2085011069,0.2253491981,0.2435587121,0.2632396598,0.2845109415,0.3075010653,0.3323489237,0.3592046322,0.3882304368,0.4196016936,0.4535079289,0.4901539833,0.5297612502,0.5725690125,0.6188358887,0.6688413952,0.7228876348,0.7813011221,0.8444347558,0.912669951,1.2,1.2,1.2,1.2,1.2,1.2,1.2,1.2,1.2,1.2,1.2,1.2,1.2,1.2,1.2,1.2,1.2,1.2,1.2,1.2,1.2,1.2,1.2,1.2,1.2,1.2,1.2,1.2,1.2,1.2,1.2,1.2,1.2,1.2,1.2,1.2,1.2,1.2,1.2,1.2,1.2,1.2,1.2,1.2,1.2,1.2,1.2,1.2,1.2,1.2,1.2,1.2,1.2,1.2,0
"Social cost of carbon",31.2310473305,37.2541104429,44.0394041723,51.6201283215,60.0276146493,69.2912129118,79.4381579402,90.493421278,102.4795582779,115.4165660154,129.3217710567,144.2097711381,160.0924633683,176.9792069111,194.8771950394,213.7921583351,233.7296019863,254.6969210309,276.7158292242,299.8056616868,323.9840786979,349.2675465695,375.6716682751,403.2114121677,431.9012699331,461.7553633732,492.7875118745,525.0112668989,558.4399163083,593.0864584177,628.9635436236,666.0833793552,704.4575920146,744.0970366644,785.0115412167,827.2095636188,870.6977353823,915.4802322985,961.5578964354,1008.926958295,1057.577108752,1107.4884779102,1158.6267431797,1210.9350040873,1264.3200564734,1321.4223527839,1378.5065435945,1435.8036324259,1493.40073201,1551.2905907101,1609.4031542693,1667.6253179362,1725.8130327067,1783.798520615,1841.3943919881,1898.3958241142,1954.5815378727,2009.7140468516,2063.5394820723,2115.7871921946,2166.1692469766,2214.3799485541,2260.0954208585,2302.9733415244,2342.6528837572,2378.7549302558,2410.8826275268,2438.6223430857,2461.5451398498,2479.2088018261,2491.1605463438,2496.9405005299,2496.0860356027,2488.1370680617,2472.6424158128,2449.167327163,2417.302210702,2376.6727519753,2326.951402421,2267.8703799136,2199.2361819341,2120.9458238838,2033.0046500955,1935.5458361166,1828.8512111348,1713.37270706,1589.7526520963,1458.8390876374,1321.688432475,1179.5405563369,1011.3866250966,868.4118220281,723.4522336926,580.2176894321,442.5450190009,314.5840512181,200.9354088901,106.7401217222,37.702249194,0
"Interest Rate ",0.0509852338,0.0498478534,0.0487314051,0.0476452297,0.0465931283,0.0455760911,0.044593763,0.043645214,0.04272933,0.0418449991,0.0409911908,0.0401669828,0.0393715688,0.0386042652,0.0378645369,0.0371520596,0.0364668523,0.0358161563,0.0351953467,0.0346013462,0.0340319983,0.0334856999,0.0329611869,0.0324574074,0.0319734471,0.0315084851,0.0310617672,0.0306325904,0.030220293,0.0298242483,0.0294438604,0.0290785603,0.0287278024,0.028391058,0.0280678072,0.027757524,0.0274596494,0.0271735462,0.0268984176,0.0266331629,0.0263761229,0.0261246296,0.0258742116,0.0256172005,0.0257762362,0.0255301129,0.0253167105,0.0251177216,0.0249238394,0.0247307368,0.0245367597,0.0243416205,0.0241456757,0.0239495358,0.0237538664,0.0235592921,0.0233663578,0.0231755187,0.0229871441,0.0228015266,0.0226188941,0.02243942,0.0222632329,0.0220904249,0.0219210585,0.0217551721,0.0215927837,0.0214338968,0.0212785008,0.0211265752,0.0209780921,0.0208330175,0.0206913146,0.0205529461,0.0204178806,0.0202860953,0.0201575922,0.0200324139,0.019910678,0.0197926279,0.0196787398,0.0195698812,0.019467612,0.019374691,0.0192959683,0.0192399458,0.0192215174,0.0192668413,0.0194221349,0.0129057655,0.0202198846,0.0196609844,0.0192469903,0.0189334766,0.0186903377,0.0184969145,0.0183388992,0.0182063155,0.0181005326,0
"Population",7403,7853.0908476727,8264.920660351,8638.9749595589,8976.5569175846,9279.5429846998,9550.1795276372,9790.9199655999,10004.2989762545,10192.8388950882,10358.9829704432,10505.0502888009,10633.2076774518,10745.4545382608,10843.6172481003,10929.3504090389,11004.1428085735,11069.3264428809,11126.0873632638,11175.4774339743,11218.4263481746,11255.7534487625,11288.1790526787,11316.335090617,11340.774956995,11361.982524452,11380.3803185893,11396.3368766186,11410.1733315252,11422.1692739908,11432.5679497313,11441.580851653,11449.3917654819,11456.1603251381,11462.0251307443,11467.1064782147,11471.5087451911,11475.3224738905,11478.6261873501,11481.4879716884,11483.9668533978,11486.1139973812,11487.97374843,11489.5845361332,11490.9796607703,11492.1879755794,11493.2344788639,11494.1408277057,11494.925783552,11495.6055986273,11496.1943509668,11496.7042348559,11497.1458125759,11497.5282325851,11497.8594185907,11498.1462333795,11498.3946207674,11498.6097285807,11498.7960151984,11498.9573418478,11499.097052555,11499.2180433989,11499.3228224984,11499.4135619699,11499.4921429307,11499.5601944767,11499.6191274409,11499.6701636319,11499.7143611563,11499.7526363497,11499.7857827701,11499.8144876474,11499.839346129,11499.8608736175,11499.8795164551,11499.8956611769,11499.9096425242,11499.9217503848,11499.9322358023,11499.9413161817,11499.9491797959,11499.9559896903,11499.961887062,11499.9669941884,11499.9714169616,11499.9752470846,11499.9785639722,11499.9814363976,11499.9839239186,11499.9860781122,11499.9879436442,11499.9895591951,11499.9909582624,11499.9921698549,11499.993219094,11499.9941277352,11499.9949146185,11499.9955960595,11499.9961861874,11499.9966972382
"TFP",5.115,5.5357142857,5.978890926,6.4448082613,6.9336925574,7.4457169695,7.9810008155,8.5396091538,9.1215526619,9.726787805,10.3552172853,11.0066907583,11.6810058031,12.37790913,13.097098009,13.8382219009,14.6008842738,15.3846445844,16.1890204062,17.0134896847,17.8574931007,18.720436523,19.6016935319,20.500607996,21.4164966848,22.348651901,23.2963441179,24.2588246049,25.2353280311,26.2250750319,27.2272747272,28.241127183,29.2658258048,30.300559655,31.3445156884,32.3968808973,33.4568443635,34.5235992103,35.5963444528,36.6742867432,37.7566420095,38.8426369862,39.9315106367,41.0225154679,42.1149187373,43.2080035549,44.3010698797,45.3934354161,46.484436409,47.5734283446,48.6597865564,49.7429067422,50.8222053948,51.8971201506,52.9671100593,54.0316557794,55.0902597031,56.142446015,57.1877606882,58.2257714225,59.2560675276,60.2782597568,61.2919800937,62.296881496,63.292637601,64.2789423944,65.2555098482,66.2220735291,67.1783861815,68.1242192879,69.0593626096,69.98362371,70.8968274647,71.7988155581,72.6894459718,73.5685924645,74.4361440471,75.2920044541,76.1360916132,76.9683371147,77.7886856825,78.5970946475,79.3935334252,80.1779829984,80.9504354064,81.7108932408,82.4593691494,83.1958853497,83.9204731504,84.6331724842,85.3340314503,86.0231058679,86.7004588417,87.3661603381,88.0202867739,88.6629206168,89.2941499979,89.914068337,90.5227739797,91.120369847
"Output gross,gross",105.1774219755,125.3471382988,147.7712121811,172.5082287417,199.6133967632,229.1392376472,261.1360230399,295.6520020837,332.7334590189,372.4246389956,414.7675750514,459.8018427103,507.5642603489,558.0885423849,611.404895752,667.5395226306,726.5139431524,788.3439598671,853.0379107698,920.617567397,991.0980690471,1064.488628215,1140.7929883009,1220.0097332751,1302.132514259,1387.1502349617,1475.0472226665,1565.8034013499,1659.3944770552,1755.7921414186,1854.9642969032,1956.8753062637,2061.4862692457,2168.7553317999,2278.6380383987,2391.0877483671,2506.0561580927,2623.49400387,2743.3520946124,2865.5829409673,2990.1434793822,3116.9998027008,3246.1355614962,3377.5670578258,3511.3704815962,3647.731028666,3783.270211146,3920.1709618978,4058.5490331679,4198.4101879693,4339.69674034,4482.3156874898,4626.1554798205,4771.0958513624,4917.0134637688,5063.7850627081,5211.2891810884,5359.4070141035,5508.022836032,5657.0241741907,5806.3018608959,5955.7500333723,6105.2661135866,6254.7507852648,6404.1079764528,6553.2448474638,6702.0717828455,6850.5023846827,6998.4534728532,7145.8450716372,7292.6003999802,7438.6458498532,7583.9109476524,7728.3282941529,7871.8334642802,8014.364844484,8155.8633440067,8296.2719368075,8435.5348374514,8573.5960862397,8710.3970653911,8845.8722019359,8979.9413412832,9112.4964077024,9243.3778809601,9372.3333715794,9498.9444863384,9622.4972740054,9741.7513903039,9854.5244157686,9956.9293740346,10130.7468730761,10288.1921199115,10433.5143447321,10569.7203936953,10698.945654227,10822.7104973512,10942.099458605,11057.8873764627,11170.6286584539
"Change tfp",0.076,0.0741235533,0.0722934363,0.070508505,0.0687676438,0.0670697646,0.0654138062,0.0637987336,0.0622235372,0.0606872326,0.0591888595,0.0577274814,0.0563021848,0.0549120789,0.0535562948,0.0522339852,0.0509443235,0.0496865037,0.0484597395,0.0472632643,0.0460963301,0.0449582077,0.0438481856,0.04276557,0.0417096843,0.0406798686,0.039675479,0.038695888,0.0377404831,0.0368086672,0.035899858,0.0350134874,0.0341490013,0.0333058594,0.0324835348,0.0316815135,0.0308992941,0.0301363878,0.0293923178,0.0286666189,0.0279588375,0.0272685314,0.0265952689,0.0259386294,0.0252982024,0.0246735875,0.0240643945,0.0234702425,0.0228907601,0.0223255852,0.0217743646,0.0212367536,0.0207124163,0.0202010249,0.0197022598,0.0192158093,0.0187413693,0.0182786432,0.0178273419,0.0173871833,0.0169578922,0.0165392003,0.016130846,0.015732574,0.0153441354,0.0149652873,0.0145957931,0.0142354216,0.0138839478,0.0135411519,0.0132068197,0.0128807422,0.0125627155,0.012252541,0.0119500246,0.0116549775,0.0113672151,0.0110865575,0.0108128294,0.0105458597,0.0102854815,0.0100315321,0.0097838527,0.0095422885,0.0093066885,0.0090769056,0.008852796,0.0086342197,0.00842104,0.0082131238,0.0080103411,0.007812565,0.0076196721,0.0074315417,0.0072480563,0.0070691012,0.0068945644,0.006724337,0.0065583126,0.0063963873
"Capital",223,267.9421707324,318.4249409701,374.617056476,436.6775239868,504.7555419448,578.9901632183,659.5098194694,746.4318094331,839.8618217039,939.8935297493,1046.6082616843,1160.0747039077,1280.3485348328,1407.4717792332,1541.4714812076,1682.3569286491,1830.1139599282,1984.6935277522,2146.1759251929,2314.6176877863,2490.0583037477,2672.5248510764,2862.0352804002,3058.600822519,3262.2278382035,3472.9193199256,3690.6761832588,3915.4984398045,4147.3863134536,4386.3413455158,4632.3675275405,4885.4725054272,5145.6689171964,5412.9759695979,5687.4214418142,5969.0444732461,6257.8997588967,6554.0643789896,6857.6494466156,7168.8206542922,7487.8351967041,7815.1087717739,8151.3376766337,8497.7214753587,8856.3684400921,9200.5092072459,9548.3424448104,9901.3943466873,10260.3079641908,10625.214693781,10995.9586551488,11372.2299892951,11753.6425346628,12139.7779961765,12530.210244584,12924.518039087,13322.2911790846,13723.1330467843,14126.661265825,14532.5074443026,14940.3165643868,15349.746274637,15760.4662235438,16172.1575013512,16584.5121871427,16997.2329882031,17410.0329474704,17822.6352650068,18234.7730571794,18646.1891973938,19056.636103951,19465.8754283291,19873.6776014312,20279.8210725037,20684.0910432752,21086.27713989,21486.1696348616,21883.5525003448,22278.1913104747,22669.8117904069,23058.0624528526,23442.4479866372,23822.2123885779,24196.1325023738,24562.1541782907,24916.7503135098,25253.7865198392,25562.5112847895,25823.975217263,26004.5880559035,26820.103170143,27506.2509952175,28097.2375411124,28618.137692539,29087.2089780322,29517.6831723189,29919.1183618766,30298.4029037311,30660.4930138537
"s",0.2595552124,0.2562495007,0.2533876946,0.2509190775,0.2487968588,0.2469788293,0.2454274435,0.244109602,0.2429962915,0.2420621656,0.2412851105,0.2406458138,0.2401273344,0.239714654,0.2393941675,0.2391530304,0.2389782136,0.2388549972,0.2387952653,0.2387906404,0.2388344377,0.2389212053,0.2390464247,0.2392063073,0.239397653,0.239617747,0.2398642838,0.2401353072,0.2404291649,0.2407444714,0.2410800799,0.2414350625,0.2418086993,0.2422004808,0.2426101302,0.2430376603,0.2434834859,0.243948641,0.244435175,0.2449468684,0.2454905161,0.2460782126,0.2467314067,0.2474880643,0.2484152591,0.2479262267,0.2479433457,0.2479990963,0.248075296,0.2481614903,0.2482517707,0.2483428723,0.2484330463,0.2485213999,0.2486075142,0.2486912258,0.2487725032,0.2488513797,0.2489279172,0.2490021868,0.2490742606,0.2491442074,0.249212091,0.249277971,0.2493419024,0.2494039364,0.2494641199,0.2495224978,0.2495791102,0.2496339929,0.2496871761,0.2497386801,0.2497885102,0.2498366459,0.2498830236,0.2499275013,0.2499698078,0.25000944,0.2500454931,0.2500763585,0.2500992124,0.2501090976,0.2500973524,0.2500488542,0.2499372266,0.2497164669,0.2493062805,0.2485662542,0.2472499081,0.244921529,0.2582781457,0.2582781457,0.2582781457,0.2582781457,0.2582781457,0.2582781457,0.2582781457,0.2582781457,0.2582781457,0.2582781457
"I",27.2525801465,32.0415537149,37.3180626165,43.0939796616,49.3803661612,56.1874126511,63.5243835981,71.3995712269,79.8202605103,88.7927045303,98.3221062605,108.4125982931,119.0672045845,130.2877545799,142.0746940576,154.4266867422,167.339803426,180.8059071108,194.8468487981,209.4644531438,224.6599410574,240.4340646593,256.7872162176,273.7195219591,291.2309277028,309.321280749,327.9904108072,347.2382120704,367.0647279467,387.4702402569,408.4553652854,430.021160818,452.1692514933,474.9019861365,498.2226523053,522.1357972138,546.6477375779,571.7674300717,597.5079942932,623.889446512,650.9436577102,678.7233932944,707.3188195978,736.8876181367,767.7097772215,794.1824414112,823.1067526047,852.6387232903,882.7267232831,913.3210888012,944.3751261236,975.8452726033,1007.6908896568,1039.8739231767,1072.3585471243,1105.1108383525,1138.0985044368,1171.2906656893,1204.6576866059,1238.1710466891,1271.8032487201,1305.5277493064,1339.3189091667,1373.1519602022,1407.002980834,1440.8488773634,1474.6673680533,1508.436981971,1542.1370319091,1575.747610972,1609.2495689564,1642.6244750614,1675.8545639514,1708.9226371269,1741.8118996345,1774.5056439493,1806.9867693056,1839.2368385311,1871.2344789092,1902.9525206969,1934.353057747,1965.3785377705,1995.9362553897,2025.8708618085,2054.9159793928,2082.6087785542,2108.138925443,2130.0805765379,2145.9135857415,2151.1577859724,2292.9307938025,2333.8496548559,2371.0142781893,2405.3999793775,2437.696970393,2468.3954285761,2497.8443250908,2526.2925404453,2553.9178166459,2580.9203421299
"Y gross net",104.9980839532,125.0415695797,147.2779947729,171.7464138261,198.4790567444,227.5019673684,258.8354933419,292.4946672777,328.4895123252,366.8252983011,407.5027671739,450.5183392216,495.864303169,543.5289838135,593.4968663129,645.748632155,700.2610177095,757.0063228576,816.0023018015,877.2422252603,940.7155316802,1006.4088115847,1074.3065190252,1144.3915100121,1216.6454733244,1291.0492963718,1367.5833938506,1446.2280171187,1526.9635560298,1609.7708409752,1694.6314507271,1781.5280307637,1870.4446272491,1961.367043951,2054.2832341864,2149.1837491142,2246.0622822935,2344.9163793739,2445.7484474185,2548.5673011363,2653.3906867511,2760.2495859885,2869.1957618663,2980.3151973701,3093.7522075683,3209.7527711361,3325.8768822154,3443.9112566531,3563.8522649893,3685.6233393245,3809.1101225232,3934.1806549414,4060.696659289,4188.5196066196,4317.5137834958,4447.5476842047,4578.4945032258,4710.2321751627,4842.6432112679,4975.6144661354,5109.0369003219,5242.805371204,5376.8184592699,5510.9783300713,5645.1906285398,5779.3643979476,5913.412016918,6047.249148283,6180.794702015,6313.9707920989,6446.7027012032,6578.9188383927,6710.5506846485,6841.5327216374,6971.8023266829,7101.2996138397,7229.9671641955,7357.749606526,7484.5928731862,7610.4429306614,7735.2435584643,7858.9325122184,7981.4347187244,8102.6503748943,8222.4339592216,8340.5572626061,8456.6441015581,8570.0546299183,8679.6791446833,8783.5666633988,8878.2434370842,9036.6462078262,9180.5140918773,9313.6235504264,9438.6470714878,9557.4825792102,9671.4812312952,9781.6066265974,9888.5469128547,9992.7941451697
"damages",0.1793380222,0.305568719,0.4932174083,0.7618149156,1.1343400189,1.6372702788,2.3005296979,3.1573348059,4.2439466938,5.5993406945,7.2648078776,9.2835034886,11.6999571799,14.5595585715,17.9080294391,21.7908904756,26.2529254429,31.3376370095,37.0356089683,43.3753421368,50.3825373669,58.0798166303,66.4864692757,75.618223263,85.4870409347,96.1009385899,107.4638288159,119.5753842312,132.4309210254,146.0213004434,160.3328461761,175.3472755,191.0416419966,207.3882878489,224.3548042124,241.9039992529,259.9938757992,278.5776244962,297.6036471939,317.015639831,336.7527926311,356.7502167123,376.9397996299,397.2518604556,417.6182740279,437.9782575299,457.3933289306,476.2597052447,494.6967681786,512.7868486448,530.5866178168,548.1350325485,565.4588205315,582.5762447427,599.499680273,616.2373785034,632.7946778626,649.1748389408,665.3796247642,681.4097080553,697.264960574,712.9446621683,728.4476543167,743.7724551935,758.9173479129,773.8804495162,788.6597659275,803.2532363996,817.6587708383,831.8742795383,845.8976987771,859.7270114605,873.3602630039,886.7955725155,900.0311375973,913.0652306443,925.8961798112,938.5223302815,950.9419642652,963.1531555783,975.1535069267,986.9396897175,998.5066225588,1009.8460328081,1020.9439217386,1031.7761089733,1042.3003847802,1052.4426440871,1062.0722456206,1070.9577523698,1078.6859369503,1094.1006652499,1107.6780280342,1119.8907943056,1131.0733222075,1141.4630750167,1151.229266056,1160.4928320076,1169.3404636081,1177.8345132841
"damfrac",0.0017051,0.0024377798,0.0033377097,0.0044161077,0.0056826848,0.0071453073,0.0088096988,0.0106792269,0.0127547939,0.0150348288,0.0175153708,0.0201902268,0.023051184,0.0260882592,0.0292899674,0.032643596,0.0361354736,0.0397512236,0.0434161349,0.0471154839,0.0508350676,0.0545612373,0.0582809238,0.0619816557,0.0656515677,0.0692794019,0.0728545006,0.076366793,0.0798067746,0.0831654824,0.0864344648,0.089605748,0.0926717994,0.0956254884,0.0984600452,0.1011690179,0.1037462289,0.1061857294,0.108481754,0.1106286736,0.1126209478,0.1144530764,0.1161195497,0.117614796,0.1189331277,0.1200686822,0.1208989322,0.1214895243,0.1218900558,0.1221383394,0.1222635243,0.1222883596,0.1222308292,0.1221053324,0.1219235385,0.1216950109,0.1214276652,0.1211281094,0.1208019002,0.1204537381,0.1200876181,0.1197069484,0.1193146442,0.1189132039,0.1185047708,0.118091185,0.1176740255,0.1172546466,0.1168342083,0.1164137021,0.1159939737,0.1155757417,0.1151596147,0.1147461053,0.1143356426,0.113928583,0.1135252199,0.1131257916,0.1127304887,0.1123394601,0.1119528191,0.1115706476,0.1111930006,0.1108199101,0.1104513885,0.1100874316,0.1097280215,0.1093731299,0.1090227212,0.1086767567,0.1083352002,0.1079980261,0.1076649828,0.1073359136,0.1070107136,0.1066893049,0.1063716216,0.1060576022,0.1057471851,0.1054403068
"abatement",0.0008469567,0.0011163368,0.001456054,0.0018813438,0.0024103595,0.0030646975,0.0038700128,0.0048567365,0.006060914,0.0075251821,0.0092999071,0.0114445092,0.0140290035,0.0171357888,0.020861725,0.0253205382,0.0306455985,0.0369931147,0.0445457752,0.0535182316,0.0641614182,0.0767684811,0.091681642,0.1093001431,0.1300894423,0.1545918531,0.1834388551,0.2173653341,0.2572260506,0.304014685,0.3588858564,0.4231805794,0.4984556922,0.5865178761,0.6894629847,0.8097215233,0.9501112639,1.1138981712,1.3048670691,1.5274038501,1.7865916191,2.0883241701,2.4394420276,2.8478997607,3.3229800452,6.4513211506,6.1396648917,5.8393602476,5.5506629934,5.2735482599,5.0078461466,4.7533136465,4.509671903,4.2766249682,4.0538689434,3.8410962988,3.6379978978,3.444264021,3.259585018,3.0836518699,2.9161567708,2.7567937569,2.6052593715,2.461253345,2.3244792686,2.19464524,2.0714644679,1.9546558241,1.8439443389,1.7390616312,1.639746279,1.5457441263,1.4568085291,1.3727005438,1.2931890597,1.218050878,1.147070736,1.0800412821,1.0167629884,0.9570439981,0.9006998852,0.8475533013,0.7974334417,0.7501752485,0.7056181882,0.6636043464,0.6239754068,0.5865677802,0.5512046215,0.517682473,0.4857482591,0.4590826147,0.4331686316,0.4082456572,0.3844425304,0.3618172873,0.3403828667,0.3201238476,0.3010073795,0
"sigma",0.3503200274,0.3246822788,0.3010349411,0.2792152334,0.2590743238,0.2404760815,0.2232959463,0.2074199022,0.1927435454,0.1791712386,0.1666153423,0.1549955162,0.1442380842,0.1342754572,0.1250456074,0.1164915899,0.108561108,0.1012061158,0.0943824573,0.0880495373,0.0821700206,0.0767095582,0.0716365379,0.0669218555,0.0625387068,0.0584623973,0.0546701686,0.0511410389,0.0478556582,0.0447961753,0.0419461158,0.0392902714,0.0368145974,0.0345061197,0.0323528491,0.030343703,0.0284684333,0.0267175606,0.0250823138,0.0235545746,0.022126826,0.0207921062,0.0195439653,0.0183764257,0.0172839457,0.0162613863,0.0153039805,0.0144073047,0.0135672531,0.0127800133,0.0120420446,0.0113500572,0.0107009941,0.0100920133,0.009520472,0.008983912,0.008480046,0.0080067454,0.0075620281,0.0071440486,0.0067510875,0.0063815426,0.0060339209,0.00570683,0.0053989716,0.0051091344,0.0048361882,0.004579078,0.0043368188,0.0041084907,0.0038932344,0.0036902469,0.0034987776,0.0033181248,0.0031476322,0.002986686,0.0028347116,0.0026911716,0.0025555625,0.0024274129,0.0023062815,0.0021917545,0.0020834442,0.0019809872,0.0018840428,0.0017922912,0.0017054327,0.0016231859,0.0015452866,0.0014714869,0.001401554,0.001335269,0.0012724265,0.0012128333,0.0011563078,0.0011026794,0.0010517874,0.0010034808,0.0009576175,0.0009140636
"Forcings",2.4633955007,2.7387662708,3.0142241672,3.2903043884,3.5667096084,3.8426942653,4.1173105504,4.389561321,4.6584906081,4.9232328685,5.1830355964,5.437265299,5.6854035883,5.9270378433,6.1618493084,6.3896003976,6.6101222456,6.8233030497,6.9996656609,7.1685932393,7.3300920237,7.4841933833,7.6309465477,7.7704129791,7.9026618939,8.0277666217,8.145801592,8.2568398027,8.3609506591,8.4581981008,8.5486389457,8.6323213965,8.7092836584,8.7795526268,8.843142605,8.9000540166,8.9502720765,8.993765388,9.0304844281,9.060359884,9.0833007948,9.0991924446,9.1078939321,9.1092353068,9.1030140937,9.0889908932,9.0326012734,8.9848477936,8.9431781377,8.9058248783,8.8715689193,8.8395715836,8.8092568241,8.7802292587,8.7522174477,8.7250347936,8.6985526623,8.6726819445,8.6473604266,8.6225441537,8.5982015291,8.5743092903,8.5508497674,8.5278090203,8.5051755759,8.4829395744,8.4610921965,8.4396252802,8.4185310678,8.3978020414,8.377430818,8.3574100845,8.3377325606,8.3183909797,8.299378081,8.2806866102,8.262309325,8.2442390036,8.2264684555,8.2089905335,8.1917981477,8.174884281,8.1582420084,8.1418645218,8.125745165,8.1098774863,8.0942553212,8.0788729259,8.0637251986,8.048808051,8.0341190412,8.0196584708,8.0053532119,7.9912209223,7.9772698884,7.9635027129,7.9499186061,7.9365148045,7.9232874404,7.9102320709
"Other Forcings",0.5,0.5294117647,0.5588235294,0.5882352941,0.6176470588,0.6470588235,0.6764705882,0.7058823529,0.7352941176,0.7647058824,0.7941176471,0.8235294118,0.8529411765,0.8823529412,0.9117647059,0.9411764706,0.9705882353,1,1,1,1,1,1,1,1,1,1,1,1,1,1,1,1,1,1,1,1,1,1,1,1,1,1,1,1,1,1,1,1,1,1,1,1,1,1,1,1,1,1,1,1,1,1,1,1,1,1,1,1,1,1,1,1,1,1,1,1,1,1,1,1,1,1,1,1,1,1,1,1,1,1,1,1,1,1,1,1,1,1,1
"Period utilty",0.4509295141,0.4915194557,0.5288092283,0.5631086759,0.594703298,0.6238512335,0.6507838194,0.6757076392,0.6988070491,0.7202467144,0.7401739575,0.7587208521,0.776006058,0.7921364199,0.807208363,0.8213091265,0.8345178765,0.8469067518,0.8585455239,0.869495383,0.8798107247,0.8895403568,0.898728358,0.90741472,0.9156358504,0.9234249814,0.9308125112,0.9378262963,0.9444919046,0.9508328378,0.9568707274,0.9626255096,0.96811558,0.973357932,0.9783682789,0.9831611618,0.9877500409,0.9921473699,0.9963646477,1.0004124389,1.0043003447,1.0080368959,1.011629313,1.0150830408,1.0184008971,1.0217138569,1.0248995052,1.0279718208,1.0309386982,1.0338049673,1.0365740146,1.0392486241,1.0418313891,1.0443248951,1.0467317845,1.049054764,1.0512965873,1.0534600293,1.0555478604,1.0575628237,1.059507617,1.061384878,1.0631971749,1.0649469987,1.0666367586,1.0682687795,1.0698453011,1.0713684772,1.0728403776,1.074262989,1.075638217,1.0769678893,1.0782537576,1.0794975014,1.0807007317,1.081864995,1.082991779,1.0840825206,1.0851386168,1.0861614427,1.0871523785,1.0881128578,1.0890444457,1.0899489749,1.0908287776,1.0916870862,1.0925287271,1.0933613261,1.0941974143,1.0950581429,1.0946499337,1.0956613364,1.0965579132,1.0973694879,1.0981165906,1.0988135307,1.0994703922,1.1000943573,1.1006905987,1.1012644301
"Consumption",77.7446568501,92.9988995281,109.9584761024,128.6505528206,149.0962802237,171.3114900198,195.307239731,221.0902393143,248.6631909009,278.0250685888,309.1713610062,342.0942964192,376.783069581,413.2240934447,451.4013105302,491.2966248747,532.890568685,576.1634226321,621.1109072282,667.7242538849,715.9914292046,765.8979784443,817.4276211656,870.5626879099,925.2844561792,981.5734237698,1039.4095441883,1098.7724397143,1159.6416020325,1221.9965860333,1285.8171995853,1351.0836893663,1417.7769200635,1485.8785399384,1555.3711188963,1626.238230377,1698.4644334517,1772.0350511309,1846.9355860562,1923.1504507742,2000.6604374218,2079.437868524,2159.4375002409,2240.5796794728,2322.7194503016,2409.1190085743,2496.6304647189,2585.4331731153,2675.5748787128,2767.0287022635,2859.7271502529,2953.5820686916,3048.4960977292,3144.3690584748,3241.1013674281,3338.5957495534,3436.7580008912,3535.4972454524,3634.725939644,3734.3597675764,3834.317494831,3934.5208281407,4034.8942907317,4135.3651165241,4235.8631684373,4336.3208753442,4436.6731843968,4536.8575104879,4636.813725767,4736.4841194958,4835.8133859678,4934.748619205,5033.239312168,5131.2373839667,5228.6972379887,5325.5759190125,5421.8333241539,5517.4327267128,5612.3416312886,5706.5333659663,5799.9898008321,5892.7064211466,5984.701029893,6076.0293378372,6166.8123616406,6257.2848797055,6347.8812007084,6439.3874856002,6533.2143543203,6631.8911949534,6584.8268950226,6702.3374703555,6809.0666450564,6907.8153253918,7000.5656585645,7088.7253333468,7173.2965233377,7254.9939623045,7334.3280888293,7411.8738030398
"Objective",4485.7434565263,,,,,,,,,,,,,,,,,,,,,,,,,,,,,,,,,,,,,,,,,,,,,,,,,,,,,,,,,,,,,,,,,,,,,,,,,,,,,,,,,,,,,,,,,,,,,,,,,,,
"Land emissions",2.6,2.301,2.036385,1.802200725,1.5949476416,1.4115286628,1.2492028666,1.105544537,0.9784069152,0.86589012,0.7663127562,0.6781867892,0.6001953084,0.531172848,0.4700879705,0.4160278539,0.3681846507,0.3258434158,0.288371423,0.2552087094,0.2258597078,0.1998858414,0.1768989696,0.1565555881,0.1385516955,0.1226182505,0.1085171517,0.0960376793,0.0849933461,0.0752191113,0.0665689135,0.0589134885,0.0521384373,0.046142517,0.0408361276,0.0361399729,0.031983876,0.0283057303,0.0250505713,0.0221697556,0.0196202337,0.0173639068,0.0153670575,0.0135998459,0.0120358636,0.0106517393,0.0094267893,0.0083427085,0.007383297,0.0065342179,0.0057827828,0.0051177628,0.0045292201,0.0040083598,0.0035473984,0.0031394476,0.0027784111,0.0024588938,0.002176121,0.0019258671,0.0017043924,0.0015083873,0.0013349227,0.0011814066,0.0010455449,0.0009253072,0.0008188969,0.0007247237,0.0006413805,0.0005676217,0.0005023452,0.0004445755,0.0003934494,0.0003482027,0.0003081594,0.000272721,0.0002413581,0.0002136019,0.0001890377,0.0001672984,0.0001480591,0.0001310323,0.0001159636,0.0001026278,9.08256E-05,8.03806E-05,7.11368E-05,6.29561E-05,5.57162E-05,4.93088E-05,4.36383E-05,3.86199E-05,3.41786E-05,3.02481E-05,2.67695E-05,2.3691E-05,2.09666E-05,1.85554E-05,1.64215E-05,1.45331E-05
"Cumulative ind emissions",400,448.7516552783,502.4662811765,561.0198618019,624.2354910137,691.8922996802,763.7336388776,839.474415658,918.8075530051,1001.4095958028,1086.9455158179,1175.0727857113,1265.4447990006,1357.7137128012,1451.5327853581,1546.5582722523,1642.4509342966,1738.8771961184,1835.5099755779,1932.0291769135,2028.124308095,2123.4942487721,2217.8470955899,2310.9000212692,2402.3791137046,2492.0191786088,2579.563499009,2664.7635502684,2747.3786721001,2827.1757003739,2903.9285620333,2977.4178365271,3047.4302870221,3113.7583644451,3176.1996871478,3234.5564987482,3288.6351064764,3338.245302145,3383.1997674835,3423.3134650688,3458.4030146807,3488.2860519257,3512.7805592661,3531.7041451067,3544.8732161777,3552.1019260397,3535.9215759696,3520.1280425541,3504.7218511452,3489.7018396622,3475.0657954196,3460.810797738,3446.933400196,3433.4297279594,3420.2955319491,3407.5262224095,3395.1168936611,3383.0623458787,3371.3571065368,3359.9954525062,3348.9714329696,3338.2788929623,3327.9114972095,3317.8627539211,3308.1260382396,3298.6946150838,3289.5616611912,3280.7202862118,3272.1635527488,3263.8844952662,3255.8761378376,3248.1315107064,3240.6436656618,3233.4056902528,3226.4107208709,3219.6519547527,3213.1226609708,3206.8161905188,3200.7259856092,3194.8455884033,3189.1686494779,3183.6889365192,3178.4003439994,3173.2969051489,3168.3728083025,3163.6224211441,3159.0403287132,3154.6213950612,3150.3608653709,3146.2545374618,3142.2990535498,3138.4924048617,3134.8024778469,3131.2315644879,3127.7798149797,3124.4459768483,3121.2278898553,3118.1228188014,3115.1276778612,3112.2391819135
"Cumulative total emissions",500,552.2977545691,609.1506783397,670.481652582,736.1552751449,805.9874079271,879.7539089669,957.1984539778,1038.0394262089,1121.9759028789,1208.6927968711,1297.8652287342,1389.1622103666,1482.2497211509,1576.7932520383,1672.4598845551,1768.9199604754,1865.8483835774,1962.9255757699,2059.8380823742,2156.2812887185,2251.9592759146,2346.5847439018,2439.878939316,2531.5715554668,2621.4005888592,2709.1121463713,2794.4602024748,2877.2063085936,2957.1192579614,3033.9747097891,3107.5547765817,3177.6475782612,3244.0467664825,3306.5510222417,3364.9635295971,3419.0914280684,3468.7452460448,3513.7383171255,3553.8861807928,3589.0059673872,3618.9157643618,3643.4339540627,3662.3784987925,3675.5661184804,3682.8112438684,3666.6454215388,3650.8647451736,3635.4699322542,3620.4599907345,3605.8328584093,3591.5857477747,3577.7153302692,3564.217835365,3551.0891062938,3538.3246349953,3525.9195880904,3513.8688297395,3502.1669440443,3490.8082579911,3479.7868651145,3469.0966497014,3458.7313112143,3448.6843886061,3438.9492842267,3429.5192870731,3420.3875951925,3411.5473370938,3402.9915920701,3394.7134093563,3386.7058260982,3378.9618841078,3371.4746454128,3364.2372066232,3357.2427121495,3350.4843663251,3343.9554445031,3337.6493032357,3331.5593896544,3325.6792502741,3320.0025395243,3314.523028501,3309.2346146941,3304.1313340045,3299.2073771305,3294.4571138477,3289.8751310467,3285.4562944171,3281.1958505917,3277.089598673,3273.1341820124,3269.3275928419,3265.6377185001,3262.0668517569,3258.6151435035,3255.2813418827,3252.0632872015,3248.9582447435,3245.9631291107,3243.0746555601
"Atmospheric concentrations Gt",851,891.3377545691,933.6028510472,977.9866475015,1024.5431582634,1073.2309762443,1123.9428918831,1176.5268869704,1230.801058515,1286.5642547905,1343.6036713085,1401.7002833045,1460.6327322914,1520.1801024911,1580.1238946088,1640.2494128375,1700.3467142899,1760.2112193468,1819.6440392459,1878.4520363514,1936.4500941091,1993.4603393766,2049.3116469454,2103.839286978,2156.8846378824,2208.2949225621,2257.9229460316,2305.6268235517,2351.2696945305,2394.7194206655,2435.8482684432,2474.5325768875,2510.6524117711,2544.0912075974,2574.7353986462,2602.4740403242,2627.1984219806,2648.8016722726,2667.1783578864,2682.2240760276,2693.8350398299,2701.9076531008,2706.3380646496,2707.0216791294,2703.8525734375,2696.7227107009,2668.2416484737,2644.3578482917,2623.6915933259,2605.3033943746,2588.5532391309,2573.0047722742,2558.3600851544,2544.4153509015,2531.0306507408,2518.1094585203,2505.5846965814,2493.4092615694,2481.5495900401,2469.981290812,2458.686182157,2447.6502836722,2436.8624567307,2426.3134854088,2415.9954564276,2405.9013419633,2396.0247199896,2386.3595877636,2376.9002383018,2367.6411793585,2358.5770810241,2349.7027424955,2341.0130716348,2332.5030729895,2324.1678413532,2316.0025589065,2308.0024946343,2300.1630051877,2292.479536655,2284.9476270095,2277.5629091992,2270.3211151088,2263.2180809071,2256.249754844,2249.4122092427,2242.7016597407,2236.1144968902,2229.6473387962,2223.29711958,2217.0612391918,2210.9378196351,2204.926150118,2198.9951318444,2193.1514931349,2187.3980345471,2181.7351963798,2176.1620289887,2170.6767900327,2165.2773090631,2159.9612075492
"Atmospheric concentrations ppm",399.5305164319,418.4684293752,438.3111976747,459.1486607988,481.0061775884,503.8643080959,527.6727191939,552.3600408312,577.8408725423,604.020776897,630.7998456847,658.0752503777,685.7430668035,713.6995786343,741.8422040417,770.0701468721,798.2848423896,826.3902438248,854.2929761718,881.9023644842,909.1314995817,935.8968729468,962.1181441058,987.7179751071,1012.6218957195,1036.7581796066,1060.0577211416,1082.4539077708,1103.8824856951,1124.2814181528,1143.5907363583,1161.7523835153,1178.7100524747,1194.4090176513,1208.7959618057,1221.8187982743,1233.4264891928,1243.5688602219,1252.1964121532,1259.2601295904,1264.7112863051,1268.5012455872,1270.5812510092,1270.9021967743,1269.4143537265,1266.0670003291,1252.6956096121,1241.4825578834,1231.7800907633,1223.1471335092,1215.2832108596,1207.9834611616,1201.1080211993,1194.5611976063,1188.2773008173,1182.2110133898,1176.3308434654,1170.6146767931,1165.0467558874,1159.6156294892,1154.3127615761,1149.1315885785,1144.0668810942,1139.1143123985,1134.2701673369,1129.5311464616,1124.8942347369,1120.3566139735,1115.9156048365,1111.5686288068,1107.3131835794,1103.1468274627,1099.0671697816,1095.0718652533,1091.1586109639,1087.3251450265,1083.5692463072,1079.8887348299,1076.281472608,1072.7453647932,1069.2783611264,1065.8784577975,1062.5436999564,1059.2721853728,1056.062070067,1052.9115773431,1049.8190126245,1046.7827881672,1043.8014645915,1040.8738212168,1037.9989763545,1035.1765962995,1032.3920806781,1029.6485883262,1026.9474340597,1024.2888245915,1021.6723140792,1019.0970845224,1016.5621169311,1014.066294624
"Total Emissions GTCO2 per year",38.3447136501,41.6845637086,44.9678703145,48.1519000631,51.2009197559,54.0855985623,56.782340402,59.2726008398,61.5422246945,63.580826675,65.381227042,66.9389469329,68.251762907,69.3193168467,70.1427749613,70.7245276647,71.0679198184,71.1769973156,71.0562498423,70.7121588916,70.1511002122,69.3793931282,68.4033040777,67.2290261618,65.8626472833,64.3101139679,62.5771947351,60.6694450063,58.5921744765,56.3504172801,53.9489049724,51.3920421914,48.6838848039,45.8281203226,42.828050393,39.6865751592,36.4061793402,32.9889197164,29.4364136408,25.749827531,21.9298631418,17.9767366888,13.8901401959,9.6691627552,5.3121259345,-11.8527809321,-11.5703919109,-11.2874768325,-11.0052891223,-10.7246134208,-10.4459815173,-10.169790115,-9.8963632638,-9.625984155,-9.358910356,-9.0953803907,-8.8356160229,-8.5798225917,-8.3281886142,-8.0808852571,-7.8380659409,-7.5998661787,-7.3664036563,-7.137778531,-6.914073913,-6.6953564869,-6.481677238,-6.2730722513,-6.0695635658,-5.8711600449,-5.6778582674,-5.4896434112,-5.3064901205,-5.1283633481,-4.9552191585,-4.7870054799,-4.6236627772,-4.4651246378,-4.3113181936,-4.1621643218,-4.0175774823,-3.8774650032,-3.7417254016,-3.6102451801,-3.4828930389,-3.3595097897,-3.2398910168,-3.1237574128,-3.0107039068,-2.9001114955,-2.7909911798,-2.7054158674,-2.6181594962,-2.5307924914,-2.4443433484,-2.3594776922,-2.2766171302,-2.1960187819,-2.1178288073,10.2106801175
"Atmospheric concentrations upper",460,471.2893023256,485.1283894774,501.2310505062,519.3921642359,539.4547538182,561.2887607263,584.7776823981,609.8104419759,636.2766994933,664.0643912748,693.0586803626,723.1417718897,754.1932322917,786.090576862,818.7099748603,851.9269779066,885.6172144296,919.657016381,953.9239580389,988.297292676,1022.6585729935,1056.8920523058,1090.8849448517,1124.5275909858,1157.7135544122,1190.3396680635,1222.3060392153,1253.5160209739,1283.8761552544,1313.2960911471,1341.6884817891,1368.968862334,1395.0555112314,1419.8692967352,1443.3335103261,1465.3736885379,1485.9174245188,1504.8941705119,1522.2350323023,1537.8725565093,1551.7405113262,1563.7736607548,1573.9075312029,1582.0781667753,1588.2218642168,1592.2748673473,1592.0994885127,1589.1057845286,1584.2519612574,1578.1889411916,1571.3586890747,1564.0610758665,1556.4993419321,1548.8110059531,1541.0888774923,1533.395341473,1525.7720691543,1518.246620561,1510.8369342804,1503.5543815671,1496.405844828,1489.3951331322,1482.5239471802,1475.792538064,1469.20015787,1462.7453687323,1456.4262555786,1450.2405733,1444.185849218,1438.2594550239,1432.4586578251,1426.7806568391,1421.2226101845,1415.7816547962,1410.4549215235,1405.239546821,1400.1326819955,1395.1315006802,1390.2332050034,1385.4350307998,1380.7342521344,1376.1281853841,1371.6141931332,1367.1896882136,1362.8521383646,1358.5990722569,1354.4280880854,1350.3368667353,1346.3231928922,1342.384989845,1338.5203779713,1334.7277747707,1331.0021879682,1327.3404469346,1323.7403615085,1320.200239697,1316.7186197303,1313.2941281849,1309.9254106599
"Atmospheric concentrations lower",1740,1740.6706976744,1741.419437815,1742.2639545743,1743.2199526456,1744.3016778646,1745.5222563575,1746.8938846093,1748.427925718,1750.1349485951,1752.0247342878,1754.1062650671,1756.3877061855,1758.876386368,1761.5787805675,1764.5004968573,1767.646268279,1771.019949801,1774.624520143,1778.462087984,1782.5339019334,1786.8403635445,1791.3810446507,1796.1547074863,1801.1593265986,1806.3921118849,1811.8495322763,1817.5273397077,1823.4205930892,1829.5236820415,1835.8303501988,1842.3337179051,1849.026304156,1855.9000476537,1862.9463268602,1870.1559789468,1877.51931755,1885.0261492533,1892.6657887272,1900.4270724629,1908.298371048,1916.2675999348,1924.3222286583,1932.4492884602,1940.6353782677,1948.8666689507,1957.1289057178,1965.4074083692,1973.6725543998,1981.9046351025,1990.0906780868,1998.2222864259,2006.2941692483,2014.3031425314,2022.2474495999,2030.1262989828,2037.9395500361,2045.6874990158,2053.3707334432,2060.9900328986,2068.5463013904,2076.0405212012,2083.4737213514,2090.8469560171,2098.1612897351,2105.4177872398,2112.6175064706,2119.7614937515,2126.8507804683,2133.8863807798,2140.8692900502,2147.8004837871,2154.6809169389,2161.5115234492,2168.2932160001,2175.0268858951,2181.7134030478,2188.3536160525,2194.9483523192,2201.4984182613,2208.0045995254,2214.4676612579,2220.8883484029,2227.2673860273,2233.6054796742,2239.9033157424,2246.1615618995,2252.3808675355,2258.5618642764,2264.7051665889,2270.8113725323,2276.8810647526,2282.914811885,2288.9131706537,2294.8766620218,2300.8057839944,2306.7010185158,2312.5628349805,2318.3916918627,2324.188037351
"Atmospheric fraction since 1850",0.5259999989,0.549228657,0.5673519915,0.5816514821,0.5930041832,0.6020329485,0.6091963739,0.6148431226,0.6192453212,0.6226196591,0.6251412043,0.6269528335,0.6281719479,0.6288954476,0.6292035387,0.6291627213,0.6288281768,0.6282456973,0.6274532534,0.6264822691,0.6253590849,0.624105575,0.6227397711,0.6212764338,0.6197275498,0.6181027535,0.6164096779,0.6146542439,0.6128408966,0.6109727956,0.609051968,0.607079428,0.6050552693,0.6029787324,0.6008482508,0.5986614779,0.5964152946,0.5941058007,0.5917282876,0.5892771937,0.5867460401,0.5841273437,0.5814125056,0.5785916664,0.5756535197,0.5725850636,0.5673419185,0.563252268,0.5599528068,0.5571953285,0.5548103079,0.5526819937,0.5507313754,0.5489045397,0.5471647126,0.5454868213,0.54385378,0.5422539524,0.5406794193,0.5391247961,0.5375864253,0.5360618256,0.5345493159,0.533047759,0.5315563868,0.5300746808,0.5286022912,0.5271389811,0.5256845894,0.5242390047,0.522802148,0.5213739611,0.5199543984,0.5185434217,0.5171409963,0.5157470889,0.5143616662,0.5129846935,0.5116161343,0.5102559504,0.5089041013,0.507560545,0.506225238,0.5048981368,0.5035791991,0.5022683866,0.5009656691,0.4996710323,0.4983844895,0.4971061027,0.495836018,0.4945745275,0.493317162,0.492065787,0.4908213961,0.4895844717,0.4883552035,0.4871336196,0.4859196626,0.4847132348
"Atmospheric fraction since 2010",0,0.7713093457,0.7567781047,0.7448698328,0.7348688307,0.7262748833,0.7187362085,0.7120034572,0.7058981795,0.7002911942,0.6950877256,0.6902171652,0.6856259953,0.6812728793,0.6771252387,0.673156853,0.6693461637,0.6656750659,0.6621280321,0.6586914638,0.6553537101,0.6521043888,0.6489340088,0.6458337452,0.6427952921,0.6398107568,0.6368725743,0.6339734355,0.6311062203,0.6282639352,0.6254396526,0.6226264488,0.6198173423,0.6170052282,0.6141828097,0.6113425236,0.6084764591,0.6055762678,0.6026330626,0.599637302,0.5965786578,0.5934458597,0.5902265121,0.5869068721,0.5834715759,0.5799032878,0.573869632,0.5691637019,0.5653671143,0.5621938413,0.5594484033,0.5569972523,0.5547491878,0.5526419584,0.5506330975,0.5486936563,0.5468039196,0.5449504769,0.5431242216,0.5413189833,0.5395305938,0.5377562493,0.5359940747,0.5342428258,0.5325016867,0.5307701313,0.5290478282,0.5273345767,0.5256302627,0.5239348286,0.5222482534,0.5205705381,0.518901697,0.5172417509,0.5155907232,0.5139486366,0.5123155119,0.5106913664,0.5090762132,0.5074700612,0.5058729147,0.5042847743,0.5027056368,0.501135497,0.4995743494,0.4980221911,0.4964790275,0.4949448809,0.4934198051,0.4919039108,0.4903974079,0.4889006807,0.4874084259,0.4859228832,0.4844452597,0.4829761561,0.481515825,0.4800643254,0.4786216138,0.4771875968
